"Program","Year","Period","Week Ending","Geo Level","State","State ANSI","Ag District","Ag District Code","County","County ANSI","Zip Code","Region","watershed_code","Watershed","Commodity","Data Item","Domain","Domain Category","Value","CV (%)"
"SURVEY","2026","FEB","","NATIONAL","US TOTAL","","","","","","","","00000000","","CHICKENS","CHICKENS, YOUNG, SLAUGHTER, FI - SLAUGHTERED, MEASURED IN LB / HEAD, LIVE BASIS","TOTAL","NOT SPECIFIED","6.65",""
"SURVEY","2026","JAN","","NATIONAL","US TOTAL","","","","","","","","00000000","","CHICKENS","CHICKENS, YOUNG, SLAUGHTER, FI - SLAUGHTERED, MEASURED IN LB / HEAD, LIVE BASIS","TOTAL","NOT SPECIFIED","6.66",""
"SURVEY","2026","MAR","","NATIONAL","US TOTAL","","","","","","","","00000000","","CHICKENS","CHICKENS, YOUNG, SLAUGHTER, FI - SLAUGHTERED, MEASURED IN LB / HEAD, LIVE BASIS","TOTAL","NOT SPECIFIED","6.61",""
"SURVEY","2025","APR","","NATIONAL","US TOTAL","","","","","","","","00000000","","CHICKENS","CHICKENS, YOUNG, SLAUGHTER, FI - SLAUGHTERED, MEASURED IN LB / HEAD, LIVE BASIS","TOTAL","NOT SPECIFIED","6.55",""
"SURVEY","2025","AUG","","NATIONAL","US TOTAL","","","","","","","","00000000","","CHICKENS","CHICKENS, YOUNG, SLAUGHTER, FI - SLAUGHTERED, MEASURED IN LB / HEAD, LIVE BASIS","TOTAL","NOT SPECIFIED","6.65",""
"SURVEY","2025","DEC","","NATIONAL","US TOTAL","","","","","","","","00000000","","CHICKENS","CHICKENS, YOUNG, SLAUGHTER, FI - SLAUGHTERED, MEASURED IN LB / HEAD, LIVE BASIS","TOTAL","NOT SPECIFIED","6.60",""
"SURVEY","2025","FEB","","NATIONAL","US TOTAL","","","","","","","","00000000","","CHICKENS","CHICKENS, YOUNG, SLAUGHTER, FI - SLAUGHTERED, MEASURED IN LB / HEAD, LIVE BASIS","TOTAL","NOT SPECIFIED","6.57",""
"SURVEY","2025","JAN","","NATIONAL","US TOTAL","","","","","","","","00000000","","CHICKENS","CHICKENS, YOUNG, SLAUGHTER, FI - SLAUGHTERED, MEASURED IN LB / HEAD, LIVE BASIS","TOTAL","NOT SPECIFIED","6.65",""
"SURVEY","2025","JUL","","NATIONAL","US TOTAL","","","","","","","","00000000","","CHICKENS","CHICKENS, YOUNG, SLAUGHTER, FI - SLAUGHTERED, MEASURED IN LB / HEAD, LIVE BASIS","TOTAL","NOT SPECIFIED","6.59",""
"SURVEY","2025","JUN","","NATIONAL","US TOTAL","","","","","","","","00000000","","CHICKENS","CHICKENS, YOUNG, SLAUGHTER, FI - SLAUGHTERED, MEASURED IN LB / HEAD, LIVE BASIS","TOTAL","NOT SPECIFIED","6.59",""
"SURVEY","2025","MAR","","NATIONAL","US TOTAL","","","","","","","","00000000","","CHICKENS","CHICKENS, YOUNG, SLAUGHTER, FI - SLAUGHTERED, MEASURED IN LB / HEAD, LIVE BASIS","TOTAL","NOT SPECIFIED","6.55",""
"SURVEY","2025","MAY","","NATIONAL","US TOTAL","","","","","","","","00000000","","CHICKENS","CHICKENS, YOUNG, SLAUGHTER, FI - SLAUGHTERED, MEASURED IN LB / HEAD, LIVE BASIS","TOTAL","NOT SPECIFIED","6.64",""
"SURVEY","2025","NOV","","NATIONAL","US TOTAL","","","","","","","","00000000","","CHICKENS","CHICKENS, YOUNG, SLAUGHTER, FI - SLAUGHTERED, MEASURED IN LB / HEAD, LIVE BASIS","TOTAL","NOT SPECIFIED","6.64",""
"SURVEY","2025","OCT","","NATIONAL","US TOTAL","","","","","","","","00000000","","CHICKENS","CHICKENS, YOUNG, SLAUGHTER, FI - SLAUGHTERED, MEASURED IN LB / HEAD, LIVE BASIS","TOTAL","NOT SPECIFIED","6.70",""
"SURVEY","2025","SEP","","NATIONAL","US TOTAL","","","","","","","","00000000","","CHICKENS","CHICKENS, YOUNG, SLAUGHTER, FI - SLAUGHTERED, MEASURED IN LB / HEAD, LIVE BASIS","TOTAL","NOT SPECIFIED","6.73",""
"SURVEY","2024","APR","","NATIONAL","US TOTAL","","","","","","","","00000000","","CHICKENS","CHICKENS, YOUNG, SLAUGHTER, FI - SLAUGHTERED, MEASURED IN LB / HEAD, LIVE BASIS","TOTAL","NOT SPECIFIED","6.52",""
"SURVEY","2024","AUG","","NATIONAL","US TOTAL","","","","","","","","00000000","","CHICKENS","CHICKENS, YOUNG, SLAUGHTER, FI - SLAUGHTERED, MEASURED IN LB / HEAD, LIVE BASIS","TOTAL","NOT SPECIFIED","6.56",""
"SURVEY","2024","DEC","","NATIONAL","US TOTAL","","","","","","","","00000000","","CHICKENS","CHICKENS, YOUNG, SLAUGHTER, FI - SLAUGHTERED, MEASURED IN LB / HEAD, LIVE BASIS","TOTAL","NOT SPECIFIED","6.6",""
"SURVEY","2024","FEB","","NATIONAL","US TOTAL","","","","","","","","00000000","","CHICKENS","CHICKENS, YOUNG, SLAUGHTER, FI - SLAUGHTERED, MEASURED IN LB / HEAD, LIVE BASIS","TOTAL","NOT SPECIFIED","6.49",""
"SURVEY","2024","JAN","","NATIONAL","US TOTAL","","","","","","","","00000000","","CHICKENS","CHICKENS, YOUNG, SLAUGHTER, FI - SLAUGHTERED, MEASURED IN LB / HEAD, LIVE BASIS","TOTAL","NOT SPECIFIED","6.58",""
"SURVEY","2024","JUL","","NATIONAL","US TOTAL","","","","","","","","00000000","","CHICKENS","CHICKENS, YOUNG, SLAUGHTER, FI - SLAUGHTERED, MEASURED IN LB / HEAD, LIVE BASIS","TOTAL","NOT SPECIFIED","6.51",""
"SURVEY","2024","JUN","","NATIONAL","US TOTAL","","","","","","","","00000000","","CHICKENS","CHICKENS, YOUNG, SLAUGHTER, FI - SLAUGHTERED, MEASURED IN LB / HEAD, LIVE BASIS","TOTAL","NOT SPECIFIED","6.55",""
"SURVEY","2024","MAR","","NATIONAL","US TOTAL","","","","","","","","00000000","","CHICKENS","CHICKENS, YOUNG, SLAUGHTER, FI - SLAUGHTERED, MEASURED IN LB / HEAD, LIVE BASIS","TOTAL","NOT SPECIFIED","6.47",""
"SURVEY","2024","MAY","","NATIONAL","US TOTAL","","","","","","","","00000000","","CHICKENS","CHICKENS, YOUNG, SLAUGHTER, FI - SLAUGHTERED, MEASURED IN LB / HEAD, LIVE BASIS","TOTAL","NOT SPECIFIED","6.51",""
"SURVEY","2024","NOV","","NATIONAL","US TOTAL","","","","","","","","00000000","","CHICKENS","CHICKENS, YOUNG, SLAUGHTER, FI - SLAUGHTERED, MEASURED IN LB / HEAD, LIVE BASIS","TOTAL","NOT SPECIFIED","6.63",""
"SURVEY","2024","OCT","","NATIONAL","US TOTAL","","","","","","","","00000000","","CHICKENS","CHICKENS, YOUNG, SLAUGHTER, FI - SLAUGHTERED, MEASURED IN LB / HEAD, LIVE BASIS","TOTAL","NOT SPECIFIED","6.7",""
"SURVEY","2024","SEP","","NATIONAL","US TOTAL","","","","","","","","00000000","","CHICKENS","CHICKENS, YOUNG, SLAUGHTER, FI - SLAUGHTERED, MEASURED IN LB / HEAD, LIVE BASIS","TOTAL","NOT SPECIFIED","6.68",""
"SURVEY","2023","APR","","NATIONAL","US TOTAL","","","","","","","","00000000","","CHICKENS","CHICKENS, YOUNG, SLAUGHTER, FI - SLAUGHTERED, MEASURED IN LB / HEAD, LIVE BASIS","TOTAL","NOT SPECIFIED","6.49",""
"SURVEY","2023","AUG","","NATIONAL","US TOTAL","","","","","","","","00000000","","CHICKENS","CHICKENS, YOUNG, SLAUGHTER, FI - SLAUGHTERED, MEASURED IN LB / HEAD, LIVE BASIS","TOTAL","NOT SPECIFIED","6.46",""
"SURVEY","2023","DEC","","NATIONAL","US TOTAL","","","","","","","","00000000","","CHICKENS","CHICKENS, YOUNG, SLAUGHTER, FI - SLAUGHTERED, MEASURED IN LB / HEAD, LIVE BASIS","TOTAL","NOT SPECIFIED","6.6",""
"SURVEY","2023","FEB","","NATIONAL","US TOTAL","","","","","","","","00000000","","CHICKENS","CHICKENS, YOUNG, SLAUGHTER, FI - SLAUGHTERED, MEASURED IN LB / HEAD, LIVE BASIS","TOTAL","NOT SPECIFIED","6.49",""
"SURVEY","2023","JAN","","NATIONAL","US TOTAL","","","","","","","","00000000","","CHICKENS","CHICKENS, YOUNG, SLAUGHTER, FI - SLAUGHTERED, MEASURED IN LB / HEAD, LIVE BASIS","TOTAL","NOT SPECIFIED","6.54",""
"SURVEY","2023","JUL","","NATIONAL","US TOTAL","","","","","","","","00000000","","CHICKENS","CHICKENS, YOUNG, SLAUGHTER, FI - SLAUGHTERED, MEASURED IN LB / HEAD, LIVE BASIS","TOTAL","NOT SPECIFIED","6.47",""
"SURVEY","2023","JUN","","NATIONAL","US TOTAL","","","","","","","","00000000","","CHICKENS","CHICKENS, YOUNG, SLAUGHTER, FI - SLAUGHTERED, MEASURED IN LB / HEAD, LIVE BASIS","TOTAL","NOT SPECIFIED","6.53",""
"SURVEY","2023","MAR","","NATIONAL","US TOTAL","","","","","","","","00000000","","CHICKENS","CHICKENS, YOUNG, SLAUGHTER, FI - SLAUGHTERED, MEASURED IN LB / HEAD, LIVE BASIS","TOTAL","NOT SPECIFIED","6.48",""
"SURVEY","2023","MAY","","NATIONAL","US TOTAL","","","","","","","","00000000","","CHICKENS","CHICKENS, YOUNG, SLAUGHTER, FI - SLAUGHTERED, MEASURED IN LB / HEAD, LIVE BASIS","TOTAL","NOT SPECIFIED","6.52",""
"SURVEY","2023","NOV","","NATIONAL","US TOTAL","","","","","","","","00000000","","CHICKENS","CHICKENS, YOUNG, SLAUGHTER, FI - SLAUGHTERED, MEASURED IN LB / HEAD, LIVE BASIS","TOTAL","NOT SPECIFIED","6.61",""
"SURVEY","2023","OCT","","NATIONAL","US TOTAL","","","","","","","","00000000","","CHICKENS","CHICKENS, YOUNG, SLAUGHTER, FI - SLAUGHTERED, MEASURED IN LB / HEAD, LIVE BASIS","TOTAL","NOT SPECIFIED","6.7",""
"SURVEY","2023","SEP","","NATIONAL","US TOTAL","","","","","","","","00000000","","CHICKENS","CHICKENS, YOUNG, SLAUGHTER, FI - SLAUGHTERED, MEASURED IN LB / HEAD, LIVE BASIS","TOTAL","NOT SPECIFIED","6.61",""
"SURVEY","2022","APR","","NATIONAL","US TOTAL","","","","","","","","00000000","","CHICKENS","CHICKENS, YOUNG, SLAUGHTER, FI - SLAUGHTERED, MEASURED IN LB / HEAD, LIVE BASIS","TOTAL","NOT SPECIFIED","6.4",""
"SURVEY","2022","AUG","","NATIONAL","US TOTAL","","","","","","","","00000000","","CHICKENS","CHICKENS, YOUNG, SLAUGHTER, FI - SLAUGHTERED, MEASURED IN LB / HEAD, LIVE BASIS","TOTAL","NOT SPECIFIED","6.47",""
"SURVEY","2022","DEC","","NATIONAL","US TOTAL","","","","","","","","00000000","","CHICKENS","CHICKENS, YOUNG, SLAUGHTER, FI - SLAUGHTERED, MEASURED IN LB / HEAD, LIVE BASIS","TOTAL","NOT SPECIFIED","6.56",""
"SURVEY","2022","FEB","","NATIONAL","US TOTAL","","","","","","","","00000000","","CHICKENS","CHICKENS, YOUNG, SLAUGHTER, FI - SLAUGHTERED, MEASURED IN LB / HEAD, LIVE BASIS","TOTAL","NOT SPECIFIED","6.45",""
"SURVEY","2022","JAN","","NATIONAL","US TOTAL","","","","","","","","00000000","","CHICKENS","CHICKENS, YOUNG, SLAUGHTER, FI - SLAUGHTERED, MEASURED IN LB / HEAD, LIVE BASIS","TOTAL","NOT SPECIFIED","6.47",""
"SURVEY","2022","JUL","","NATIONAL","US TOTAL","","","","","","","","00000000","","CHICKENS","CHICKENS, YOUNG, SLAUGHTER, FI - SLAUGHTERED, MEASURED IN LB / HEAD, LIVE BASIS","TOTAL","NOT SPECIFIED","6.43",""
"SURVEY","2022","JUN","","NATIONAL","US TOTAL","","","","","","","","00000000","","CHICKENS","CHICKENS, YOUNG, SLAUGHTER, FI - SLAUGHTERED, MEASURED IN LB / HEAD, LIVE BASIS","TOTAL","NOT SPECIFIED","6.44",""
"SURVEY","2022","MAR","","NATIONAL","US TOTAL","","","","","","","","00000000","","CHICKENS","CHICKENS, YOUNG, SLAUGHTER, FI - SLAUGHTERED, MEASURED IN LB / HEAD, LIVE BASIS","TOTAL","NOT SPECIFIED","6.42",""
"SURVEY","2022","MAY","","NATIONAL","US TOTAL","","","","","","","","00000000","","CHICKENS","CHICKENS, YOUNG, SLAUGHTER, FI - SLAUGHTERED, MEASURED IN LB / HEAD, LIVE BASIS","TOTAL","NOT SPECIFIED","6.42",""
"SURVEY","2022","NOV","","NATIONAL","US TOTAL","","","","","","","","00000000","","CHICKENS","CHICKENS, YOUNG, SLAUGHTER, FI - SLAUGHTERED, MEASURED IN LB / HEAD, LIVE BASIS","TOTAL","NOT SPECIFIED","6.57",""
"SURVEY","2022","OCT","","NATIONAL","US TOTAL","","","","","","","","00000000","","CHICKENS","CHICKENS, YOUNG, SLAUGHTER, FI - SLAUGHTERED, MEASURED IN LB / HEAD, LIVE BASIS","TOTAL","NOT SPECIFIED","6.64",""
"SURVEY","2022","SEP","","NATIONAL","US TOTAL","","","","","","","","00000000","","CHICKENS","CHICKENS, YOUNG, SLAUGHTER, FI - SLAUGHTERED, MEASURED IN LB / HEAD, LIVE BASIS","TOTAL","NOT SPECIFIED","6.56",""
"SURVEY","2021","APR","","NATIONAL","US TOTAL","","","","","","","","00000000","","CHICKENS","CHICKENS, YOUNG, SLAUGHTER, FI - SLAUGHTERED, MEASURED IN LB / HEAD, LIVE BASIS","TOTAL","NOT SPECIFIED","6.44",""
"SURVEY","2021","AUG","","NATIONAL","US TOTAL","","","","","","","","00000000","","CHICKENS","CHICKENS, YOUNG, SLAUGHTER, FI - SLAUGHTERED, MEASURED IN LB / HEAD, LIVE BASIS","TOTAL","NOT SPECIFIED","6.47",""
"SURVEY","2021","DEC","","NATIONAL","US TOTAL","","","","","","","","00000000","","CHICKENS","CHICKENS, YOUNG, SLAUGHTER, FI - SLAUGHTERED, MEASURED IN LB / HEAD, LIVE BASIS","TOTAL","NOT SPECIFIED","6.41",""
"SURVEY","2021","FEB","","NATIONAL","US TOTAL","","","","","","","","00000000","","CHICKENS","CHICKENS, YOUNG, SLAUGHTER, FI - SLAUGHTERED, MEASURED IN LB / HEAD, LIVE BASIS","TOTAL","NOT SPECIFIED","6.39",""
"SURVEY","2021","JAN","","NATIONAL","US TOTAL","","","","","","","","00000000","","CHICKENS","CHICKENS, YOUNG, SLAUGHTER, FI - SLAUGHTERED, MEASURED IN LB / HEAD, LIVE BASIS","TOTAL","NOT SPECIFIED","6.43",""
"SURVEY","2021","JUL","","NATIONAL","US TOTAL","","","","","","","","00000000","","CHICKENS","CHICKENS, YOUNG, SLAUGHTER, FI - SLAUGHTERED, MEASURED IN LB / HEAD, LIVE BASIS","TOTAL","NOT SPECIFIED","6.46",""
"SURVEY","2021","JUN","","NATIONAL","US TOTAL","","","","","","","","00000000","","CHICKENS","CHICKENS, YOUNG, SLAUGHTER, FI - SLAUGHTERED, MEASURED IN LB / HEAD, LIVE BASIS","TOTAL","NOT SPECIFIED","6.47",""
"SURVEY","2021","MAR","","NATIONAL","US TOTAL","","","","","","","","00000000","","CHICKENS","CHICKENS, YOUNG, SLAUGHTER, FI - SLAUGHTERED, MEASURED IN LB / HEAD, LIVE BASIS","TOTAL","NOT SPECIFIED","6.39",""
"SURVEY","2021","MAY","","NATIONAL","US TOTAL","","","","","","","","00000000","","CHICKENS","CHICKENS, YOUNG, SLAUGHTER, FI - SLAUGHTERED, MEASURED IN LB / HEAD, LIVE BASIS","TOTAL","NOT SPECIFIED","6.46",""
"SURVEY","2021","NOV","","NATIONAL","US TOTAL","","","","","","","","00000000","","CHICKENS","CHICKENS, YOUNG, SLAUGHTER, FI - SLAUGHTERED, MEASURED IN LB / HEAD, LIVE BASIS","TOTAL","NOT SPECIFIED","6.48",""
"SURVEY","2021","OCT","","NATIONAL","US TOTAL","","","","","","","","00000000","","CHICKENS","CHICKENS, YOUNG, SLAUGHTER, FI - SLAUGHTERED, MEASURED IN LB / HEAD, LIVE BASIS","TOTAL","NOT SPECIFIED","6.56",""
"SURVEY","2021","SEP","","NATIONAL","US TOTAL","","","","","","","","00000000","","CHICKENS","CHICKENS, YOUNG, SLAUGHTER, FI - SLAUGHTERED, MEASURED IN LB / HEAD, LIVE BASIS","TOTAL","NOT SPECIFIED","6.55",""
"SURVEY","2020","APR","","NATIONAL","US TOTAL","","","","","","","","00000000","","CHICKENS","CHICKENS, YOUNG, SLAUGHTER, FI - SLAUGHTERED, MEASURED IN LB / HEAD, LIVE BASIS","TOTAL","NOT SPECIFIED","6.36",""
"SURVEY","2020","AUG","","NATIONAL","US TOTAL","","","","","","","","00000000","","CHICKENS","CHICKENS, YOUNG, SLAUGHTER, FI - SLAUGHTERED, MEASURED IN LB / HEAD, LIVE BASIS","TOTAL","NOT SPECIFIED","6.42",""
"SURVEY","2020","DEC","","NATIONAL","US TOTAL","","","","","","","","00000000","","CHICKENS","CHICKENS, YOUNG, SLAUGHTER, FI - SLAUGHTERED, MEASURED IN LB / HEAD, LIVE BASIS","TOTAL","NOT SPECIFIED","6.41",""
"SURVEY","2020","FEB","","NATIONAL","US TOTAL","","","","","","","","00000000","","CHICKENS","CHICKENS, YOUNG, SLAUGHTER, FI - SLAUGHTERED, MEASURED IN LB / HEAD, LIVE BASIS","TOTAL","NOT SPECIFIED","6.33",""
"SURVEY","2020","JAN","","NATIONAL","US TOTAL","","","","","","","","00000000","","CHICKENS","CHICKENS, YOUNG, SLAUGHTER, FI - SLAUGHTERED, MEASURED IN LB / HEAD, LIVE BASIS","TOTAL","NOT SPECIFIED","6.41",""
"SURVEY","2020","JUL","","NATIONAL","US TOTAL","","","","","","","","00000000","","CHICKENS","CHICKENS, YOUNG, SLAUGHTER, FI - SLAUGHTERED, MEASURED IN LB / HEAD, LIVE BASIS","TOTAL","NOT SPECIFIED","6.33",""
"SURVEY","2020","JUN","","NATIONAL","US TOTAL","","","","","","","","00000000","","CHICKENS","CHICKENS, YOUNG, SLAUGHTER, FI - SLAUGHTERED, MEASURED IN LB / HEAD, LIVE BASIS","TOTAL","NOT SPECIFIED","6.48",""
"SURVEY","2020","MAR","","NATIONAL","US TOTAL","","","","","","","","00000000","","CHICKENS","CHICKENS, YOUNG, SLAUGHTER, FI - SLAUGHTERED, MEASURED IN LB / HEAD, LIVE BASIS","TOTAL","NOT SPECIFIED","6.32",""
"SURVEY","2020","MAY","","NATIONAL","US TOTAL","","","","","","","","00000000","","CHICKENS","CHICKENS, YOUNG, SLAUGHTER, FI - SLAUGHTERED, MEASURED IN LB / HEAD, LIVE BASIS","TOTAL","NOT SPECIFIED","6.45",""
"SURVEY","2020","NOV","","NATIONAL","US TOTAL","","","","","","","","00000000","","CHICKENS","CHICKENS, YOUNG, SLAUGHTER, FI - SLAUGHTERED, MEASURED IN LB / HEAD, LIVE BASIS","TOTAL","NOT SPECIFIED","6.41",""
"SURVEY","2020","OCT","","NATIONAL","US TOTAL","","","","","","","","00000000","","CHICKENS","CHICKENS, YOUNG, SLAUGHTER, FI - SLAUGHTERED, MEASURED IN LB / HEAD, LIVE BASIS","TOTAL","NOT SPECIFIED","6.48",""
"SURVEY","2020","SEP","","NATIONAL","US TOTAL","","","","","","","","00000000","","CHICKENS","CHICKENS, YOUNG, SLAUGHTER, FI - SLAUGHTERED, MEASURED IN LB / HEAD, LIVE BASIS","TOTAL","NOT SPECIFIED","6.5",""
"SURVEY","2019","APR","","NATIONAL","US TOTAL","","","","","","","","00000000","","CHICKENS","CHICKENS, YOUNG, SLAUGHTER, FI - SLAUGHTERED, MEASURED IN LB / HEAD, LIVE BASIS","TOTAL","NOT SPECIFIED","6.29",""
"SURVEY","2019","AUG","","NATIONAL","US TOTAL","","","","","","","","00000000","","CHICKENS","CHICKENS, YOUNG, SLAUGHTER, FI - SLAUGHTERED, MEASURED IN LB / HEAD, LIVE BASIS","TOTAL","NOT SPECIFIED","6.34",""
"SURVEY","2019","DEC","","NATIONAL","US TOTAL","","","","","","","","00000000","","CHICKENS","CHICKENS, YOUNG, SLAUGHTER, FI - SLAUGHTERED, MEASURED IN LB / HEAD, LIVE BASIS","TOTAL","NOT SPECIFIED","6.39",""
"SURVEY","2019","FEB","","NATIONAL","US TOTAL","","","","","","","","00000000","","CHICKENS","CHICKENS, YOUNG, SLAUGHTER, FI - SLAUGHTERED, MEASURED IN LB / HEAD, LIVE BASIS","TOTAL","NOT SPECIFIED","6.21",""
"SURVEY","2019","JAN","","NATIONAL","US TOTAL","","","","","","","","00000000","","CHICKENS","CHICKENS, YOUNG, SLAUGHTER, FI - SLAUGHTERED, MEASURED IN LB / HEAD, LIVE BASIS","TOTAL","NOT SPECIFIED","6.25",""
"SURVEY","2019","JUL","","NATIONAL","US TOTAL","","","","","","","","00000000","","CHICKENS","CHICKENS, YOUNG, SLAUGHTER, FI - SLAUGHTERED, MEASURED IN LB / HEAD, LIVE BASIS","TOTAL","NOT SPECIFIED","6.32",""
"SURVEY","2019","JUN","","NATIONAL","US TOTAL","","","","","","","","00000000","","CHICKENS","CHICKENS, YOUNG, SLAUGHTER, FI - SLAUGHTERED, MEASURED IN LB / HEAD, LIVE BASIS","TOTAL","NOT SPECIFIED","6.32",""
"SURVEY","2019","MAR","","NATIONAL","US TOTAL","","","","","","","","00000000","","CHICKENS","CHICKENS, YOUNG, SLAUGHTER, FI - SLAUGHTERED, MEASURED IN LB / HEAD, LIVE BASIS","TOTAL","NOT SPECIFIED","6.2",""
"SURVEY","2019","MAY","","NATIONAL","US TOTAL","","","","","","","","00000000","","CHICKENS","CHICKENS, YOUNG, SLAUGHTER, FI - SLAUGHTERED, MEASURED IN LB / HEAD, LIVE BASIS","TOTAL","NOT SPECIFIED","6.33",""
"SURVEY","2019","NOV","","NATIONAL","US TOTAL","","","","","","","","00000000","","CHICKENS","CHICKENS, YOUNG, SLAUGHTER, FI - SLAUGHTERED, MEASURED IN LB / HEAD, LIVE BASIS","TOTAL","NOT SPECIFIED","6.38",""
"SURVEY","2019","OCT","","NATIONAL","US TOTAL","","","","","","","","00000000","","CHICKENS","CHICKENS, YOUNG, SLAUGHTER, FI - SLAUGHTERED, MEASURED IN LB / HEAD, LIVE BASIS","TOTAL","NOT SPECIFIED","6.41",""
"SURVEY","2019","SEP","","NATIONAL","US TOTAL","","","","","","","","00000000","","CHICKENS","CHICKENS, YOUNG, SLAUGHTER, FI - SLAUGHTERED, MEASURED IN LB / HEAD, LIVE BASIS","TOTAL","NOT SPECIFIED","6.38",""
"SURVEY","2018","APR","","NATIONAL","US TOTAL","","","","","","","","00000000","","CHICKENS","CHICKENS, YOUNG, SLAUGHTER, FI - SLAUGHTERED, MEASURED IN LB / HEAD, LIVE BASIS","TOTAL","NOT SPECIFIED","6.27",""
"SURVEY","2018","AUG","","NATIONAL","US TOTAL","","","","","","","","00000000","","CHICKENS","CHICKENS, YOUNG, SLAUGHTER, FI - SLAUGHTERED, MEASURED IN LB / HEAD, LIVE BASIS","TOTAL","NOT SPECIFIED","6.28",""
"SURVEY","2018","DEC","","NATIONAL","US TOTAL","","","","","","","","00000000","","CHICKENS","CHICKENS, YOUNG, SLAUGHTER, FI - SLAUGHTERED, MEASURED IN LB / HEAD, LIVE BASIS","TOTAL","NOT SPECIFIED","6.22",""
"SURVEY","2018","FEB","","NATIONAL","US TOTAL","","","","","","","","00000000","","CHICKENS","CHICKENS, YOUNG, SLAUGHTER, FI - SLAUGHTERED, MEASURED IN LB / HEAD, LIVE BASIS","TOTAL","NOT SPECIFIED","6.23",""
"SURVEY","2018","JAN","","NATIONAL","US TOTAL","","","","","","","","00000000","","CHICKENS","CHICKENS, YOUNG, SLAUGHTER, FI - SLAUGHTERED, MEASURED IN LB / HEAD, LIVE BASIS","TOTAL","NOT SPECIFIED","6.26",""
"SURVEY","2018","JUL","","NATIONAL","US TOTAL","","","","","","","","00000000","","CHICKENS","CHICKENS, YOUNG, SLAUGHTER, FI - SLAUGHTERED, MEASURED IN LB / HEAD, LIVE BASIS","TOTAL","NOT SPECIFIED","6.21",""
"SURVEY","2018","JUN","","NATIONAL","US TOTAL","","","","","","","","00000000","","CHICKENS","CHICKENS, YOUNG, SLAUGHTER, FI - SLAUGHTERED, MEASURED IN LB / HEAD, LIVE BASIS","TOTAL","NOT SPECIFIED","6.22",""
"SURVEY","2018","MAR","","NATIONAL","US TOTAL","","","","","","","","00000000","","CHICKENS","CHICKENS, YOUNG, SLAUGHTER, FI - SLAUGHTERED, MEASURED IN LB / HEAD, LIVE BASIS","TOTAL","NOT SPECIFIED","6.24",""
"SURVEY","2018","MAY","","NATIONAL","US TOTAL","","","","","","","","00000000","","CHICKENS","CHICKENS, YOUNG, SLAUGHTER, FI - SLAUGHTERED, MEASURED IN LB / HEAD, LIVE BASIS","TOTAL","NOT SPECIFIED","6.25",""
"SURVEY","2018","NOV","","NATIONAL","US TOTAL","","","","","","","","00000000","","CHICKENS","CHICKENS, YOUNG, SLAUGHTER, FI - SLAUGHTERED, MEASURED IN LB / HEAD, LIVE BASIS","TOTAL","NOT SPECIFIED","6.29",""
"SURVEY","2018","OCT","","NATIONAL","US TOTAL","","","","","","","","00000000","","CHICKENS","CHICKENS, YOUNG, SLAUGHTER, FI - SLAUGHTERED, MEASURED IN LB / HEAD, LIVE BASIS","TOTAL","NOT SPECIFIED","6.32",""
"SURVEY","2018","SEP","","NATIONAL","US TOTAL","","","","","","","","00000000","","CHICKENS","CHICKENS, YOUNG, SLAUGHTER, FI - SLAUGHTERED, MEASURED IN LB / HEAD, LIVE BASIS","TOTAL","NOT SPECIFIED","6.3",""
"SURVEY","2017","APR","","NATIONAL","US TOTAL","","","","","","","","00000000","","CHICKENS","CHICKENS, YOUNG, SLAUGHTER, FI - SLAUGHTERED, MEASURED IN LB / HEAD, LIVE BASIS","TOTAL","NOT SPECIFIED","6.18",""
"SURVEY","2017","AUG","","NATIONAL","US TOTAL","","","","","","","","00000000","","CHICKENS","CHICKENS, YOUNG, SLAUGHTER, FI - SLAUGHTERED, MEASURED IN LB / HEAD, LIVE BASIS","TOTAL","NOT SPECIFIED","6.18",""
"SURVEY","2017","DEC","","NATIONAL","US TOTAL","","","","","","","","00000000","","CHICKENS","CHICKENS, YOUNG, SLAUGHTER, FI - SLAUGHTERED, MEASURED IN LB / HEAD, LIVE BASIS","TOTAL","NOT SPECIFIED","6.27",""
"SURVEY","2017","FEB","","NATIONAL","US TOTAL","","","","","","","","00000000","","CHICKENS","CHICKENS, YOUNG, SLAUGHTER, FI - SLAUGHTERED, MEASURED IN LB / HEAD, LIVE BASIS","TOTAL","NOT SPECIFIED","6.16",""
"SURVEY","2017","JAN","","NATIONAL","US TOTAL","","","","","","","","00000000","","CHICKENS","CHICKENS, YOUNG, SLAUGHTER, FI - SLAUGHTERED, MEASURED IN LB / HEAD, LIVE BASIS","TOTAL","NOT SPECIFIED","6.2",""
"SURVEY","2017","JUL","","NATIONAL","US TOTAL","","","","","","","","00000000","","CHICKENS","CHICKENS, YOUNG, SLAUGHTER, FI - SLAUGHTERED, MEASURED IN LB / HEAD, LIVE BASIS","TOTAL","NOT SPECIFIED","6.14",""
"SURVEY","2017","JUN","","NATIONAL","US TOTAL","","","","","","","","00000000","","CHICKENS","CHICKENS, YOUNG, SLAUGHTER, FI - SLAUGHTERED, MEASURED IN LB / HEAD, LIVE BASIS","TOTAL","NOT SPECIFIED","6.16",""
"SURVEY","2017","MAR","","NATIONAL","US TOTAL","","","","","","","","00000000","","CHICKENS","CHICKENS, YOUNG, SLAUGHTER, FI - SLAUGHTERED, MEASURED IN LB / HEAD, LIVE BASIS","TOTAL","NOT SPECIFIED","6.16",""
"SURVEY","2017","MAY","","NATIONAL","US TOTAL","","","","","","","","00000000","","CHICKENS","CHICKENS, YOUNG, SLAUGHTER, FI - SLAUGHTERED, MEASURED IN LB / HEAD, LIVE BASIS","TOTAL","NOT SPECIFIED","6.18",""
"SURVEY","2017","NOV","","NATIONAL","US TOTAL","","","","","","","","00000000","","CHICKENS","CHICKENS, YOUNG, SLAUGHTER, FI - SLAUGHTERED, MEASURED IN LB / HEAD, LIVE BASIS","TOTAL","NOT SPECIFIED","6.27",""
"SURVEY","2017","OCT","","NATIONAL","US TOTAL","","","","","","","","00000000","","CHICKENS","CHICKENS, YOUNG, SLAUGHTER, FI - SLAUGHTERED, MEASURED IN LB / HEAD, LIVE BASIS","TOTAL","NOT SPECIFIED","6.29",""
"SURVEY","2017","SEP","","NATIONAL","US TOTAL","","","","","","","","00000000","","CHICKENS","CHICKENS, YOUNG, SLAUGHTER, FI - SLAUGHTERED, MEASURED IN LB / HEAD, LIVE BASIS","TOTAL","NOT SPECIFIED","6.25",""
"SURVEY","2016","APR","","NATIONAL","US TOTAL","","","","","","","","00000000","","CHICKENS","CHICKENS, YOUNG, SLAUGHTER, FI - SLAUGHTERED, MEASURED IN LB / HEAD, LIVE BASIS","TOTAL","NOT SPECIFIED","6.19",""
"SURVEY","2016","AUG","","NATIONAL","US TOTAL","","","","","","","","00000000","","CHICKENS","CHICKENS, YOUNG, SLAUGHTER, FI - SLAUGHTERED, MEASURED IN LB / HEAD, LIVE BASIS","TOTAL","NOT SPECIFIED","6.09",""
"SURVEY","2016","DEC","","NATIONAL","US TOTAL","","","","","","","","00000000","","CHICKENS","CHICKENS, YOUNG, SLAUGHTER, FI - SLAUGHTERED, MEASURED IN LB / HEAD, LIVE BASIS","TOTAL","NOT SPECIFIED","6.2",""
"SURVEY","2016","FEB","","NATIONAL","US TOTAL","","","","","","","","00000000","","CHICKENS","CHICKENS, YOUNG, SLAUGHTER, FI - SLAUGHTERED, MEASURED IN LB / HEAD, LIVE BASIS","TOTAL","NOT SPECIFIED","6.17",""
"SURVEY","2016","JAN","","NATIONAL","US TOTAL","","","","","","","","00000000","","CHICKENS","CHICKENS, YOUNG, SLAUGHTER, FI - SLAUGHTERED, MEASURED IN LB / HEAD, LIVE BASIS","TOTAL","NOT SPECIFIED","6.19",""
"SURVEY","2016","JUL","","NATIONAL","US TOTAL","","","","","","","","00000000","","CHICKENS","CHICKENS, YOUNG, SLAUGHTER, FI - SLAUGHTERED, MEASURED IN LB / HEAD, LIVE BASIS","TOTAL","NOT SPECIFIED","6.09",""
"SURVEY","2016","JUN","","NATIONAL","US TOTAL","","","","","","","","00000000","","CHICKENS","CHICKENS, YOUNG, SLAUGHTER, FI - SLAUGHTERED, MEASURED IN LB / HEAD, LIVE BASIS","TOTAL","NOT SPECIFIED","6.14",""
"SURVEY","2016","MAR","","NATIONAL","US TOTAL","","","","","","","","00000000","","CHICKENS","CHICKENS, YOUNG, SLAUGHTER, FI - SLAUGHTERED, MEASURED IN LB / HEAD, LIVE BASIS","TOTAL","NOT SPECIFIED","6.16",""
"SURVEY","2016","MAY","","NATIONAL","US TOTAL","","","","","","","","00000000","","CHICKENS","CHICKENS, YOUNG, SLAUGHTER, FI - SLAUGHTERED, MEASURED IN LB / HEAD, LIVE BASIS","TOTAL","NOT SPECIFIED","6.17",""
"SURVEY","2016","NOV","","NATIONAL","US TOTAL","","","","","","","","00000000","","CHICKENS","CHICKENS, YOUNG, SLAUGHTER, FI - SLAUGHTERED, MEASURED IN LB / HEAD, LIVE BASIS","TOTAL","NOT SPECIFIED","6.21",""
"SURVEY","2016","OCT","","NATIONAL","US TOTAL","","","","","","","","00000000","","CHICKENS","CHICKENS, YOUNG, SLAUGHTER, FI - SLAUGHTERED, MEASURED IN LB / HEAD, LIVE BASIS","TOTAL","NOT SPECIFIED","6.2",""
"SURVEY","2016","SEP","","NATIONAL","US TOTAL","","","","","","","","00000000","","CHICKENS","CHICKENS, YOUNG, SLAUGHTER, FI - SLAUGHTERED, MEASURED IN LB / HEAD, LIVE BASIS","TOTAL","NOT SPECIFIED","6.15",""
"SURVEY","2015","APR","","NATIONAL","US TOTAL","","","","","","","","00000000","","CHICKENS","CHICKENS, YOUNG, SLAUGHTER, FI - SLAUGHTERED, MEASURED IN LB / HEAD, LIVE BASIS","TOTAL","NOT SPECIFIED","6.12",""
"SURVEY","2015","AUG","","NATIONAL","US TOTAL","","","","","","","","00000000","","CHICKENS","CHICKENS, YOUNG, SLAUGHTER, FI - SLAUGHTERED, MEASURED IN LB / HEAD, LIVE BASIS","TOTAL","NOT SPECIFIED","6.12",""
"SURVEY","2015","DEC","","NATIONAL","US TOTAL","","","","","","","","00000000","","CHICKENS","CHICKENS, YOUNG, SLAUGHTER, FI - SLAUGHTERED, MEASURED IN LB / HEAD, LIVE BASIS","TOTAL","NOT SPECIFIED","6.14",""
"SURVEY","2015","FEB","","NATIONAL","US TOTAL","","","","","","","","00000000","","CHICKENS","CHICKENS, YOUNG, SLAUGHTER, FI - SLAUGHTERED, MEASURED IN LB / HEAD, LIVE BASIS","TOTAL","NOT SPECIFIED","6.09",""
"SURVEY","2015","JAN","","NATIONAL","US TOTAL","","","","","","","","00000000","","CHICKENS","CHICKENS, YOUNG, SLAUGHTER, FI - SLAUGHTERED, MEASURED IN LB / HEAD, LIVE BASIS","TOTAL","NOT SPECIFIED","6.12",""
"SURVEY","2015","JUL","","NATIONAL","US TOTAL","","","","","","","","00000000","","CHICKENS","CHICKENS, YOUNG, SLAUGHTER, FI - SLAUGHTERED, MEASURED IN LB / HEAD, LIVE BASIS","TOTAL","NOT SPECIFIED","6.04",""
"SURVEY","2015","JUN","","NATIONAL","US TOTAL","","","","","","","","00000000","","CHICKENS","CHICKENS, YOUNG, SLAUGHTER, FI - SLAUGHTERED, MEASURED IN LB / HEAD, LIVE BASIS","TOTAL","NOT SPECIFIED","6.09",""
"SURVEY","2015","MAR","","NATIONAL","US TOTAL","","","","","","","","00000000","","CHICKENS","CHICKENS, YOUNG, SLAUGHTER, FI - SLAUGHTERED, MEASURED IN LB / HEAD, LIVE BASIS","TOTAL","NOT SPECIFIED","6.07",""
"SURVEY","2015","MAY","","NATIONAL","US TOTAL","","","","","","","","00000000","","CHICKENS","CHICKENS, YOUNG, SLAUGHTER, FI - SLAUGHTERED, MEASURED IN LB / HEAD, LIVE BASIS","TOTAL","NOT SPECIFIED","6.11",""
"SURVEY","2015","NOV","","NATIONAL","US TOTAL","","","","","","","","00000000","","CHICKENS","CHICKENS, YOUNG, SLAUGHTER, FI - SLAUGHTERED, MEASURED IN LB / HEAD, LIVE BASIS","TOTAL","NOT SPECIFIED","6.17",""
"SURVEY","2015","OCT","","NATIONAL","US TOTAL","","","","","","","","00000000","","CHICKENS","CHICKENS, YOUNG, SLAUGHTER, FI - SLAUGHTERED, MEASURED IN LB / HEAD, LIVE BASIS","TOTAL","NOT SPECIFIED","6.19",""
"SURVEY","2015","SEP","","NATIONAL","US TOTAL","","","","","","","","00000000","","CHICKENS","CHICKENS, YOUNG, SLAUGHTER, FI - SLAUGHTERED, MEASURED IN LB / HEAD, LIVE BASIS","TOTAL","NOT SPECIFIED","6.18",""
"SURVEY","2014","APR","","NATIONAL","US TOTAL","","","","","","","","00000000","","CHICKENS","CHICKENS, YOUNG, SLAUGHTER, FI - SLAUGHTERED, MEASURED IN LB / HEAD, LIVE BASIS","TOTAL","NOT SPECIFIED","5.99",""
"SURVEY","2014","AUG","","NATIONAL","US TOTAL","","","","","","","","00000000","","CHICKENS","CHICKENS, YOUNG, SLAUGHTER, FI - SLAUGHTERED, MEASURED IN LB / HEAD, LIVE BASIS","TOTAL","NOT SPECIFIED","5.98",""
"SURVEY","2014","DEC","","NATIONAL","US TOTAL","","","","","","","","00000000","","CHICKENS","CHICKENS, YOUNG, SLAUGHTER, FI - SLAUGHTERED, MEASURED IN LB / HEAD, LIVE BASIS","TOTAL","NOT SPECIFIED","6.1",""
"SURVEY","2014","FEB","","NATIONAL","US TOTAL","","","","","","","","00000000","","CHICKENS","CHICKENS, YOUNG, SLAUGHTER, FI - SLAUGHTERED, MEASURED IN LB / HEAD, LIVE BASIS","TOTAL","NOT SPECIFIED","6.01",""
"SURVEY","2014","JAN","","NATIONAL","US TOTAL","","","","","","","","00000000","","CHICKENS","CHICKENS, YOUNG, SLAUGHTER, FI - SLAUGHTERED, MEASURED IN LB / HEAD, LIVE BASIS","TOTAL","NOT SPECIFIED","6",""
"SURVEY","2014","JUL","","NATIONAL","US TOTAL","","","","","","","","00000000","","CHICKENS","CHICKENS, YOUNG, SLAUGHTER, FI - SLAUGHTERED, MEASURED IN LB / HEAD, LIVE BASIS","TOTAL","NOT SPECIFIED","5.95",""
"SURVEY","2014","JUN","","NATIONAL","US TOTAL","","","","","","","","00000000","","CHICKENS","CHICKENS, YOUNG, SLAUGHTER, FI - SLAUGHTERED, MEASURED IN LB / HEAD, LIVE BASIS","TOTAL","NOT SPECIFIED","5.99",""
"SURVEY","2014","MAR","","NATIONAL","US TOTAL","","","","","","","","00000000","","CHICKENS","CHICKENS, YOUNG, SLAUGHTER, FI - SLAUGHTERED, MEASURED IN LB / HEAD, LIVE BASIS","TOTAL","NOT SPECIFIED","5.98",""
"SURVEY","2014","MAY","","NATIONAL","US TOTAL","","","","","","","","00000000","","CHICKENS","CHICKENS, YOUNG, SLAUGHTER, FI - SLAUGHTERED, MEASURED IN LB / HEAD, LIVE BASIS","TOTAL","NOT SPECIFIED","5.97",""
"SURVEY","2014","NOV","","NATIONAL","US TOTAL","","","","","","","","00000000","","CHICKENS","CHICKENS, YOUNG, SLAUGHTER, FI - SLAUGHTERED, MEASURED IN LB / HEAD, LIVE BASIS","TOTAL","NOT SPECIFIED","6.07",""
"SURVEY","2014","OCT","","NATIONAL","US TOTAL","","","","","","","","00000000","","CHICKENS","CHICKENS, YOUNG, SLAUGHTER, FI - SLAUGHTERED, MEASURED IN LB / HEAD, LIVE BASIS","TOTAL","NOT SPECIFIED","6.07",""
"SURVEY","2014","SEP","","NATIONAL","US TOTAL","","","","","","","","00000000","","CHICKENS","CHICKENS, YOUNG, SLAUGHTER, FI - SLAUGHTERED, MEASURED IN LB / HEAD, LIVE BASIS","TOTAL","NOT SPECIFIED","5.99",""
"SURVEY","2013","APR","","NATIONAL","US TOTAL","","","","","","","","00000000","","CHICKENS","CHICKENS, YOUNG, SLAUGHTER, FI - SLAUGHTERED, MEASURED IN LB / HEAD, LIVE BASIS","TOTAL","NOT SPECIFIED","5.91",""
"SURVEY","2013","AUG","","NATIONAL","US TOTAL","","","","","","","","00000000","","CHICKENS","CHICKENS, YOUNG, SLAUGHTER, FI - SLAUGHTERED, MEASURED IN LB / HEAD, LIVE BASIS","TOTAL","NOT SPECIFIED","5.9",""
"SURVEY","2013","DEC","","NATIONAL","US TOTAL","","","","","","","","00000000","","CHICKENS","CHICKENS, YOUNG, SLAUGHTER, FI - SLAUGHTERED, MEASURED IN LB / HEAD, LIVE BASIS","TOTAL","NOT SPECIFIED","5.99",""
"SURVEY","2013","FEB","","NATIONAL","US TOTAL","","","","","","","","00000000","","CHICKENS","CHICKENS, YOUNG, SLAUGHTER, FI - SLAUGHTERED, MEASURED IN LB / HEAD, LIVE BASIS","TOTAL","NOT SPECIFIED","5.91",""
"SURVEY","2013","JAN","","NATIONAL","US TOTAL","","","","","","","","00000000","","CHICKENS","CHICKENS, YOUNG, SLAUGHTER, FI - SLAUGHTERED, MEASURED IN LB / HEAD, LIVE BASIS","TOTAL","NOT SPECIFIED","5.92",""
"SURVEY","2013","JUL","","NATIONAL","US TOTAL","","","","","","","","00000000","","CHICKENS","CHICKENS, YOUNG, SLAUGHTER, FI - SLAUGHTERED, MEASURED IN LB / HEAD, LIVE BASIS","TOTAL","NOT SPECIFIED","5.84",""
"SURVEY","2013","JUN","","NATIONAL","US TOTAL","","","","","","","","00000000","","CHICKENS","CHICKENS, YOUNG, SLAUGHTER, FI - SLAUGHTERED, MEASURED IN LB / HEAD, LIVE BASIS","TOTAL","NOT SPECIFIED","5.88",""
"SURVEY","2013","MAR","","NATIONAL","US TOTAL","","","","","","","","00000000","","CHICKENS","CHICKENS, YOUNG, SLAUGHTER, FI - SLAUGHTERED, MEASURED IN LB / HEAD, LIVE BASIS","TOTAL","NOT SPECIFIED","5.88",""
"SURVEY","2013","MAY","","NATIONAL","US TOTAL","","","","","","","","00000000","","CHICKENS","CHICKENS, YOUNG, SLAUGHTER, FI - SLAUGHTERED, MEASURED IN LB / HEAD, LIVE BASIS","TOTAL","NOT SPECIFIED","5.87",""
"SURVEY","2013","NOV","","NATIONAL","US TOTAL","","","","","","","","00000000","","CHICKENS","CHICKENS, YOUNG, SLAUGHTER, FI - SLAUGHTERED, MEASURED IN LB / HEAD, LIVE BASIS","TOTAL","NOT SPECIFIED","6.01",""
"SURVEY","2013","OCT","","NATIONAL","US TOTAL","","","","","","","","00000000","","CHICKENS","CHICKENS, YOUNG, SLAUGHTER, FI - SLAUGHTERED, MEASURED IN LB / HEAD, LIVE BASIS","TOTAL","NOT SPECIFIED","6.01",""
"SURVEY","2013","SEP","","NATIONAL","US TOTAL","","","","","","","","00000000","","CHICKENS","CHICKENS, YOUNG, SLAUGHTER, FI - SLAUGHTERED, MEASURED IN LB / HEAD, LIVE BASIS","TOTAL","NOT SPECIFIED","5.95",""
"SURVEY","2012","APR","","NATIONAL","US TOTAL","","","","","","","","00000000","","CHICKENS","CHICKENS, YOUNG, SLAUGHTER, FI - SLAUGHTERED, MEASURED IN LB / HEAD, LIVE BASIS","TOTAL","NOT SPECIFIED","5.83",""
"SURVEY","2012","AUG","","NATIONAL","US TOTAL","","","","","","","","00000000","","CHICKENS","CHICKENS, YOUNG, SLAUGHTER, FI - SLAUGHTERED, MEASURED IN LB / HEAD, LIVE BASIS","TOTAL","NOT SPECIFIED","5.81",""
"SURVEY","2012","DEC","","NATIONAL","US TOTAL","","","","","","","","00000000","","CHICKENS","CHICKENS, YOUNG, SLAUGHTER, FI - SLAUGHTERED, MEASURED IN LB / HEAD, LIVE BASIS","TOTAL","NOT SPECIFIED","5.91",""
"SURVEY","2012","FEB","","NATIONAL","US TOTAL","","","","","","","","00000000","","CHICKENS","CHICKENS, YOUNG, SLAUGHTER, FI - SLAUGHTERED, MEASURED IN LB / HEAD, LIVE BASIS","TOTAL","NOT SPECIFIED","5.83",""
"SURVEY","2012","JAN","","NATIONAL","US TOTAL","","","","","","","","00000000","","CHICKENS","CHICKENS, YOUNG, SLAUGHTER, FI - SLAUGHTERED, MEASURED IN LB / HEAD, LIVE BASIS","TOTAL","NOT SPECIFIED","5.84",""
"SURVEY","2012","JUL","","NATIONAL","US TOTAL","","","","","","","","00000000","","CHICKENS","CHICKENS, YOUNG, SLAUGHTER, FI - SLAUGHTERED, MEASURED IN LB / HEAD, LIVE BASIS","TOTAL","NOT SPECIFIED","5.77",""
"SURVEY","2012","JUN","","NATIONAL","US TOTAL","","","","","","","","00000000","","CHICKENS","CHICKENS, YOUNG, SLAUGHTER, FI - SLAUGHTERED, MEASURED IN LB / HEAD, LIVE BASIS","TOTAL","NOT SPECIFIED","5.86",""
"SURVEY","2012","MAR","","NATIONAL","US TOTAL","","","","","","","","00000000","","CHICKENS","CHICKENS, YOUNG, SLAUGHTER, FI - SLAUGHTERED, MEASURED IN LB / HEAD, LIVE BASIS","TOTAL","NOT SPECIFIED","5.81",""
"SURVEY","2012","MAY","","NATIONAL","US TOTAL","","","","","","","","00000000","","CHICKENS","CHICKENS, YOUNG, SLAUGHTER, FI - SLAUGHTERED, MEASURED IN LB / HEAD, LIVE BASIS","TOTAL","NOT SPECIFIED","5.83",""
"SURVEY","2012","NOV","","NATIONAL","US TOTAL","","","","","","","","00000000","","CHICKENS","CHICKENS, YOUNG, SLAUGHTER, FI - SLAUGHTERED, MEASURED IN LB / HEAD, LIVE BASIS","TOTAL","NOT SPECIFIED","5.95",""
"SURVEY","2012","OCT","","NATIONAL","US TOTAL","","","","","","","","00000000","","CHICKENS","CHICKENS, YOUNG, SLAUGHTER, FI - SLAUGHTERED, MEASURED IN LB / HEAD, LIVE BASIS","TOTAL","NOT SPECIFIED","5.95",""
"SURVEY","2012","SEP","","NATIONAL","US TOTAL","","","","","","","","00000000","","CHICKENS","CHICKENS, YOUNG, SLAUGHTER, FI - SLAUGHTERED, MEASURED IN LB / HEAD, LIVE BASIS","TOTAL","NOT SPECIFIED","5.88",""
"SURVEY","2011","APR","","NATIONAL","US TOTAL","","","","","","","","00000000","","CHICKENS","CHICKENS, YOUNG, SLAUGHTER, FI - SLAUGHTERED, MEASURED IN LB / HEAD, LIVE BASIS","TOTAL","NOT SPECIFIED","5.76",""
"SURVEY","2011","AUG","","NATIONAL","US TOTAL","","","","","","","","00000000","","CHICKENS","CHICKENS, YOUNG, SLAUGHTER, FI - SLAUGHTERED, MEASURED IN LB / HEAD, LIVE BASIS","TOTAL","NOT SPECIFIED","5.78",""
"SURVEY","2011","DEC","","NATIONAL","US TOTAL","","","","","","","","00000000","","CHICKENS","CHICKENS, YOUNG, SLAUGHTER, FI - SLAUGHTERED, MEASURED IN LB / HEAD, LIVE BASIS","TOTAL","NOT SPECIFIED","5.79",""
"SURVEY","2011","FEB","","NATIONAL","US TOTAL","","","","","","","","00000000","","CHICKENS","CHICKENS, YOUNG, SLAUGHTER, FI - SLAUGHTERED, MEASURED IN LB / HEAD, LIVE BASIS","TOTAL","NOT SPECIFIED","5.76",""
"SURVEY","2011","JAN","","NATIONAL","US TOTAL","","","","","","","","00000000","","CHICKENS","CHICKENS, YOUNG, SLAUGHTER, FI - SLAUGHTERED, MEASURED IN LB / HEAD, LIVE BASIS","TOTAL","NOT SPECIFIED","5.85",""
"SURVEY","2011","JUL","","NATIONAL","US TOTAL","","","","","","","","00000000","","CHICKENS","CHICKENS, YOUNG, SLAUGHTER, FI - SLAUGHTERED, MEASURED IN LB / HEAD, LIVE BASIS","TOTAL","NOT SPECIFIED","5.77",""
"SURVEY","2011","JUN","","NATIONAL","US TOTAL","","","","","","","","00000000","","CHICKENS","CHICKENS, YOUNG, SLAUGHTER, FI - SLAUGHTERED, MEASURED IN LB / HEAD, LIVE BASIS","TOTAL","NOT SPECIFIED","5.81",""
"SURVEY","2011","MAR","","NATIONAL","US TOTAL","","","","","","","","00000000","","CHICKENS","CHICKENS, YOUNG, SLAUGHTER, FI - SLAUGHTERED, MEASURED IN LB / HEAD, LIVE BASIS","TOTAL","NOT SPECIFIED","5.75",""
"SURVEY","2011","MAY","","NATIONAL","US TOTAL","","","","","","","","00000000","","CHICKENS","CHICKENS, YOUNG, SLAUGHTER, FI - SLAUGHTERED, MEASURED IN LB / HEAD, LIVE BASIS","TOTAL","NOT SPECIFIED","5.81",""
"SURVEY","2011","NOV","","NATIONAL","US TOTAL","","","","","","","","00000000","","CHICKENS","CHICKENS, YOUNG, SLAUGHTER, FI - SLAUGHTERED, MEASURED IN LB / HEAD, LIVE BASIS","TOTAL","NOT SPECIFIED","5.82",""
"SURVEY","2011","OCT","","NATIONAL","US TOTAL","","","","","","","","00000000","","CHICKENS","CHICKENS, YOUNG, SLAUGHTER, FI - SLAUGHTERED, MEASURED IN LB / HEAD, LIVE BASIS","TOTAL","NOT SPECIFIED","5.88",""
"SURVEY","2011","SEP","","NATIONAL","US TOTAL","","","","","","","","00000000","","CHICKENS","CHICKENS, YOUNG, SLAUGHTER, FI - SLAUGHTERED, MEASURED IN LB / HEAD, LIVE BASIS","TOTAL","NOT SPECIFIED","5.87",""
"SURVEY","2010","APR","","NATIONAL","US TOTAL","","","","","","","","00000000","","CHICKENS","CHICKENS, YOUNG, SLAUGHTER, FI - SLAUGHTERED, MEASURED IN LB / HEAD, LIVE BASIS","TOTAL","NOT SPECIFIED","5.68",""
"SURVEY","2010","AUG","","NATIONAL","US TOTAL","","","","","","","","00000000","","CHICKENS","CHICKENS, YOUNG, SLAUGHTER, FI - SLAUGHTERED, MEASURED IN LB / HEAD, LIVE BASIS","TOTAL","NOT SPECIFIED","5.57",""
"SURVEY","2010","DEC","","NATIONAL","US TOTAL","","","","","","","","00000000","","CHICKENS","CHICKENS, YOUNG, SLAUGHTER, FI - SLAUGHTERED, MEASURED IN LB / HEAD, LIVE BASIS","TOTAL","NOT SPECIFIED","5.85",""
"SURVEY","2010","FEB","","NATIONAL","US TOTAL","","","","","","","","00000000","","CHICKENS","CHICKENS, YOUNG, SLAUGHTER, FI - SLAUGHTERED, MEASURED IN LB / HEAD, LIVE BASIS","TOTAL","NOT SPECIFIED","5.62",""
"SURVEY","2010","JAN","","NATIONAL","US TOTAL","","","","","","","","00000000","","CHICKENS","CHICKENS, YOUNG, SLAUGHTER, FI - SLAUGHTERED, MEASURED IN LB / HEAD, LIVE BASIS","TOTAL","NOT SPECIFIED","5.64",""
"SURVEY","2010","JUL","","NATIONAL","US TOTAL","","","","","","","","00000000","","CHICKENS","CHICKENS, YOUNG, SLAUGHTER, FI - SLAUGHTERED, MEASURED IN LB / HEAD, LIVE BASIS","TOTAL","NOT SPECIFIED","5.59",""
"SURVEY","2010","JUN","","NATIONAL","US TOTAL","","","","","","","","00000000","","CHICKENS","CHICKENS, YOUNG, SLAUGHTER, FI - SLAUGHTERED, MEASURED IN LB / HEAD, LIVE BASIS","TOTAL","NOT SPECIFIED","5.63",""
"SURVEY","2010","MAR","","NATIONAL","US TOTAL","","","","","","","","00000000","","CHICKENS","CHICKENS, YOUNG, SLAUGHTER, FI - SLAUGHTERED, MEASURED IN LB / HEAD, LIVE BASIS","TOTAL","NOT SPECIFIED","5.64",""
"SURVEY","2010","MAY","","NATIONAL","US TOTAL","","","","","","","","00000000","","CHICKENS","CHICKENS, YOUNG, SLAUGHTER, FI - SLAUGHTERED, MEASURED IN LB / HEAD, LIVE BASIS","TOTAL","NOT SPECIFIED","5.71",""
"SURVEY","2010","NOV","","NATIONAL","US TOTAL","","","","","","","","00000000","","CHICKENS","CHICKENS, YOUNG, SLAUGHTER, FI - SLAUGHTERED, MEASURED IN LB / HEAD, LIVE BASIS","TOTAL","NOT SPECIFIED","5.88",""
"SURVEY","2010","OCT","","NATIONAL","US TOTAL","","","","","","","","00000000","","CHICKENS","CHICKENS, YOUNG, SLAUGHTER, FI - SLAUGHTERED, MEASURED IN LB / HEAD, LIVE BASIS","TOTAL","NOT SPECIFIED","5.87",""
"SURVEY","2010","SEP","","NATIONAL","US TOTAL","","","","","","","","00000000","","CHICKENS","CHICKENS, YOUNG, SLAUGHTER, FI - SLAUGHTERED, MEASURED IN LB / HEAD, LIVE BASIS","TOTAL","NOT SPECIFIED","5.74",""
"SURVEY","2009","APR","","NATIONAL","US TOTAL","","","","","","","","00000000","","CHICKENS","CHICKENS, YOUNG, SLAUGHTER, FI - SLAUGHTERED, MEASURED IN LB / HEAD, LIVE BASIS","TOTAL","NOT SPECIFIED","5.57",""
"SURVEY","2009","AUG","","NATIONAL","US TOTAL","","","","","","","","00000000","","CHICKENS","CHICKENS, YOUNG, SLAUGHTER, FI - SLAUGHTERED, MEASURED IN LB / HEAD, LIVE BASIS","TOTAL","NOT SPECIFIED","5.56",""
"SURVEY","2009","DEC","","NATIONAL","US TOTAL","","","","","","","","00000000","","CHICKENS","CHICKENS, YOUNG, SLAUGHTER, FI - SLAUGHTERED, MEASURED IN LB / HEAD, LIVE BASIS","TOTAL","NOT SPECIFIED","5.65",""
"SURVEY","2009","FEB","","NATIONAL","US TOTAL","","","","","","","","00000000","","CHICKENS","CHICKENS, YOUNG, SLAUGHTER, FI - SLAUGHTERED, MEASURED IN LB / HEAD, LIVE BASIS","TOTAL","NOT SPECIFIED","5.54",""
"SURVEY","2009","JAN","","NATIONAL","US TOTAL","","","","","","","","00000000","","CHICKENS","CHICKENS, YOUNG, SLAUGHTER, FI - SLAUGHTERED, MEASURED IN LB / HEAD, LIVE BASIS","TOTAL","NOT SPECIFIED","5.56",""
"SURVEY","2009","JUL","","NATIONAL","US TOTAL","","","","","","","","00000000","","CHICKENS","CHICKENS, YOUNG, SLAUGHTER, FI - SLAUGHTERED, MEASURED IN LB / HEAD, LIVE BASIS","TOTAL","NOT SPECIFIED","5.54",""
"SURVEY","2009","JUN","","NATIONAL","US TOTAL","","","","","","","","00000000","","CHICKENS","CHICKENS, YOUNG, SLAUGHTER, FI - SLAUGHTERED, MEASURED IN LB / HEAD, LIVE BASIS","TOTAL","NOT SPECIFIED","5.53",""
"SURVEY","2009","MAR","","NATIONAL","US TOTAL","","","","","","","","00000000","","CHICKENS","CHICKENS, YOUNG, SLAUGHTER, FI - SLAUGHTERED, MEASURED IN LB / HEAD, LIVE BASIS","TOTAL","NOT SPECIFIED","5.55",""
"SURVEY","2009","MAY","","NATIONAL","US TOTAL","","","","","","","","00000000","","CHICKENS","CHICKENS, YOUNG, SLAUGHTER, FI - SLAUGHTERED, MEASURED IN LB / HEAD, LIVE BASIS","TOTAL","NOT SPECIFIED","5.59",""
"SURVEY","2009","NOV","","NATIONAL","US TOTAL","","","","","","","","00000000","","CHICKENS","CHICKENS, YOUNG, SLAUGHTER, FI - SLAUGHTERED, MEASURED IN LB / HEAD, LIVE BASIS","TOTAL","NOT SPECIFIED","5.68",""
"SURVEY","2009","OCT","","NATIONAL","US TOTAL","","","","","","","","00000000","","CHICKENS","CHICKENS, YOUNG, SLAUGHTER, FI - SLAUGHTERED, MEASURED IN LB / HEAD, LIVE BASIS","TOTAL","NOT SPECIFIED","5.67",""
"SURVEY","2009","SEP","","NATIONAL","US TOTAL","","","","","","","","00000000","","CHICKENS","CHICKENS, YOUNG, SLAUGHTER, FI - SLAUGHTERED, MEASURED IN LB / HEAD, LIVE BASIS","TOTAL","NOT SPECIFIED","5.62",""
"SURVEY","2008","APR","","NATIONAL","US TOTAL","","","","","","","","00000000","","CHICKENS","CHICKENS, YOUNG, SLAUGHTER, FI - SLAUGHTERED, MEASURED IN LB / HEAD, LIVE BASIS","TOTAL","NOT SPECIFIED","5.59",""
"SURVEY","2008","AUG","","NATIONAL","US TOTAL","","","","","","","","00000000","","CHICKENS","CHICKENS, YOUNG, SLAUGHTER, FI - SLAUGHTERED, MEASURED IN LB / HEAD, LIVE BASIS","TOTAL","NOT SPECIFIED","5.57",""
"SURVEY","2008","DEC","","NATIONAL","US TOTAL","","","","","","","","00000000","","CHICKENS","CHICKENS, YOUNG, SLAUGHTER, FI - SLAUGHTERED, MEASURED IN LB / HEAD, LIVE BASIS","TOTAL","NOT SPECIFIED","5.56",""
"SURVEY","2008","FEB","","NATIONAL","US TOTAL","","","","","","","","00000000","","CHICKENS","CHICKENS, YOUNG, SLAUGHTER, FI - SLAUGHTERED, MEASURED IN LB / HEAD, LIVE BASIS","TOTAL","NOT SPECIFIED","5.53",""
"SURVEY","2008","JAN","","NATIONAL","US TOTAL","","","","","","","","00000000","","CHICKENS","CHICKENS, YOUNG, SLAUGHTER, FI - SLAUGHTERED, MEASURED IN LB / HEAD, LIVE BASIS","TOTAL","NOT SPECIFIED","5.57",""
"SURVEY","2008","JUL","","NATIONAL","US TOTAL","","","","","","","","00000000","","CHICKENS","CHICKENS, YOUNG, SLAUGHTER, FI - SLAUGHTERED, MEASURED IN LB / HEAD, LIVE BASIS","TOTAL","NOT SPECIFIED","5.54",""
"SURVEY","2008","JUN","","NATIONAL","US TOTAL","","","","","","","","00000000","","CHICKENS","CHICKENS, YOUNG, SLAUGHTER, FI - SLAUGHTERED, MEASURED IN LB / HEAD, LIVE BASIS","TOTAL","NOT SPECIFIED","5.56",""
"SURVEY","2008","MAR","","NATIONAL","US TOTAL","","","","","","","","00000000","","CHICKENS","CHICKENS, YOUNG, SLAUGHTER, FI - SLAUGHTERED, MEASURED IN LB / HEAD, LIVE BASIS","TOTAL","NOT SPECIFIED","5.56",""
"SURVEY","2008","MAY","","NATIONAL","US TOTAL","","","","","","","","00000000","","CHICKENS","CHICKENS, YOUNG, SLAUGHTER, FI - SLAUGHTERED, MEASURED IN LB / HEAD, LIVE BASIS","TOTAL","NOT SPECIFIED","5.6",""
"SURVEY","2008","NOV","","NATIONAL","US TOTAL","","","","","","","","00000000","","CHICKENS","CHICKENS, YOUNG, SLAUGHTER, FI - SLAUGHTERED, MEASURED IN LB / HEAD, LIVE BASIS","TOTAL","NOT SPECIFIED","5.61",""
"SURVEY","2008","OCT","","NATIONAL","US TOTAL","","","","","","","","00000000","","CHICKENS","CHICKENS, YOUNG, SLAUGHTER, FI - SLAUGHTERED, MEASURED IN LB / HEAD, LIVE BASIS","TOTAL","NOT SPECIFIED","5.65",""
"SURVEY","2008","SEP","","NATIONAL","US TOTAL","","","","","","","","00000000","","CHICKENS","CHICKENS, YOUNG, SLAUGHTER, FI - SLAUGHTERED, MEASURED IN LB / HEAD, LIVE BASIS","TOTAL","NOT SPECIFIED","5.62",""
"SURVEY","2007","APR","","NATIONAL","US TOTAL","","","","","","","","00000000","","CHICKENS","CHICKENS, YOUNG, SLAUGHTER, FI - SLAUGHTERED, MEASURED IN LB / HEAD, LIVE BASIS","TOTAL","NOT SPECIFIED","5.51",""
"SURVEY","2007","AUG","","NATIONAL","US TOTAL","","","","","","","","00000000","","CHICKENS","CHICKENS, YOUNG, SLAUGHTER, FI - SLAUGHTERED, MEASURED IN LB / HEAD, LIVE BASIS","TOTAL","NOT SPECIFIED","5.39",""
"SURVEY","2007","DEC","","NATIONAL","US TOTAL","","","","","","","","00000000","","CHICKENS","CHICKENS, YOUNG, SLAUGHTER, FI - SLAUGHTERED, MEASURED IN LB / HEAD, LIVE BASIS","TOTAL","NOT SPECIFIED","5.6",""
"SURVEY","2007","FEB","","NATIONAL","US TOTAL","","","","","","","","00000000","","CHICKENS","CHICKENS, YOUNG, SLAUGHTER, FI - SLAUGHTERED, MEASURED IN LB / HEAD, LIVE BASIS","TOTAL","NOT SPECIFIED","5.43",""
"SURVEY","2007","JAN","","NATIONAL","US TOTAL","","","","","","","","00000000","","CHICKENS","CHICKENS, YOUNG, SLAUGHTER, FI - SLAUGHTERED, MEASURED IN LB / HEAD, LIVE BASIS","TOTAL","NOT SPECIFIED","5.5",""
"SURVEY","2007","JUL","","NATIONAL","US TOTAL","","","","","","","","00000000","","CHICKENS","CHICKENS, YOUNG, SLAUGHTER, FI - SLAUGHTERED, MEASURED IN LB / HEAD, LIVE BASIS","TOTAL","NOT SPECIFIED","5.47",""
"SURVEY","2007","JUN","","NATIONAL","US TOTAL","","","","","","","","00000000","","CHICKENS","CHICKENS, YOUNG, SLAUGHTER, FI - SLAUGHTERED, MEASURED IN LB / HEAD, LIVE BASIS","TOTAL","NOT SPECIFIED","5.49",""
"SURVEY","2007","MAR","","NATIONAL","US TOTAL","","","","","","","","00000000","","CHICKENS","CHICKENS, YOUNG, SLAUGHTER, FI - SLAUGHTERED, MEASURED IN LB / HEAD, LIVE BASIS","TOTAL","NOT SPECIFIED","5.45",""
"SURVEY","2007","MAY","","NATIONAL","US TOTAL","","","","","","","","00000000","","CHICKENS","CHICKENS, YOUNG, SLAUGHTER, FI - SLAUGHTERED, MEASURED IN LB / HEAD, LIVE BASIS","TOTAL","NOT SPECIFIED","5.52",""
"SURVEY","2007","NOV","","NATIONAL","US TOTAL","","","","","","","","00000000","","CHICKENS","CHICKENS, YOUNG, SLAUGHTER, FI - SLAUGHTERED, MEASURED IN LB / HEAD, LIVE BASIS","TOTAL","NOT SPECIFIED","5.64",""
"SURVEY","2007","OCT","","NATIONAL","US TOTAL","","","","","","","","00000000","","CHICKENS","CHICKENS, YOUNG, SLAUGHTER, FI - SLAUGHTERED, MEASURED IN LB / HEAD, LIVE BASIS","TOTAL","NOT SPECIFIED","5.62",""
"SURVEY","2007","SEP","","NATIONAL","US TOTAL","","","","","","","","00000000","","CHICKENS","CHICKENS, YOUNG, SLAUGHTER, FI - SLAUGHTERED, MEASURED IN LB / HEAD, LIVE BASIS","TOTAL","NOT SPECIFIED","5.53",""
"SURVEY","2006","APR","","NATIONAL","US TOTAL","","","","","","","","00000000","","CHICKENS","CHICKENS, YOUNG, SLAUGHTER, FI - SLAUGHTERED, MEASURED IN LB / HEAD, LIVE BASIS","TOTAL","NOT SPECIFIED","5.46",""
"SURVEY","2006","AUG","","NATIONAL","US TOTAL","","","","","","","","00000000","","CHICKENS","CHICKENS, YOUNG, SLAUGHTER, FI - SLAUGHTERED, MEASURED IN LB / HEAD, LIVE BASIS","TOTAL","NOT SPECIFIED","5.35",""
"SURVEY","2006","DEC","","NATIONAL","US TOTAL","","","","","","","","00000000","","CHICKENS","CHICKENS, YOUNG, SLAUGHTER, FI - SLAUGHTERED, MEASURED IN LB / HEAD, LIVE BASIS","TOTAL","NOT SPECIFIED","5.49",""
"SURVEY","2006","FEB","","NATIONAL","US TOTAL","","","","","","","","00000000","","CHICKENS","CHICKENS, YOUNG, SLAUGHTER, FI - SLAUGHTERED, MEASURED IN LB / HEAD, LIVE BASIS","TOTAL","NOT SPECIFIED","5.45",""
"SURVEY","2006","JAN","","NATIONAL","US TOTAL","","","","","","","","00000000","","CHICKENS","CHICKENS, YOUNG, SLAUGHTER, FI - SLAUGHTERED, MEASURED IN LB / HEAD, LIVE BASIS","TOTAL","NOT SPECIFIED","5.5",""
"SURVEY","2006","JUL","","NATIONAL","US TOTAL","","","","","","","","00000000","","CHICKENS","CHICKENS, YOUNG, SLAUGHTER, FI - SLAUGHTERED, MEASURED IN LB / HEAD, LIVE BASIS","TOTAL","NOT SPECIFIED","5.38",""
"SURVEY","2006","JUN","","NATIONAL","US TOTAL","","","","","","","","00000000","","CHICKENS","CHICKENS, YOUNG, SLAUGHTER, FI - SLAUGHTERED, MEASURED IN LB / HEAD, LIVE BASIS","TOTAL","NOT SPECIFIED","5.45",""
"SURVEY","2006","MAR","","NATIONAL","US TOTAL","","","","","","","","00000000","","CHICKENS","CHICKENS, YOUNG, SLAUGHTER, FI - SLAUGHTERED, MEASURED IN LB / HEAD, LIVE BASIS","TOTAL","NOT SPECIFIED","5.44",""
"SURVEY","2006","MAY","","NATIONAL","US TOTAL","","","","","","","","00000000","","CHICKENS","CHICKENS, YOUNG, SLAUGHTER, FI - SLAUGHTERED, MEASURED IN LB / HEAD, LIVE BASIS","TOTAL","NOT SPECIFIED","5.49",""
"SURVEY","2006","NOV","","NATIONAL","US TOTAL","","","","","","","","00000000","","CHICKENS","CHICKENS, YOUNG, SLAUGHTER, FI - SLAUGHTERED, MEASURED IN LB / HEAD, LIVE BASIS","TOTAL","NOT SPECIFIED","5.52",""
"SURVEY","2006","OCT","","NATIONAL","US TOTAL","","","","","","","","00000000","","CHICKENS","CHICKENS, YOUNG, SLAUGHTER, FI - SLAUGHTERED, MEASURED IN LB / HEAD, LIVE BASIS","TOTAL","NOT SPECIFIED","5.59",""
"SURVEY","2006","SEP","","NATIONAL","US TOTAL","","","","","","","","00000000","","CHICKENS","CHICKENS, YOUNG, SLAUGHTER, FI - SLAUGHTERED, MEASURED IN LB / HEAD, LIVE BASIS","TOTAL","NOT SPECIFIED","5.52",""
"SURVEY","2005","APR","","NATIONAL","US TOTAL","","","","","","","","00000000","","CHICKENS","CHICKENS, YOUNG, SLAUGHTER, FI - SLAUGHTERED, MEASURED IN LB / HEAD, LIVE BASIS","TOTAL","NOT SPECIFIED","5.37",""
"SURVEY","2005","AUG","","NATIONAL","US TOTAL","","","","","","","","00000000","","CHICKENS","CHICKENS, YOUNG, SLAUGHTER, FI - SLAUGHTERED, MEASURED IN LB / HEAD, LIVE BASIS","TOTAL","NOT SPECIFIED","5.28",""
"SURVEY","2005","DEC","","NATIONAL","US TOTAL","","","","","","","","00000000","","CHICKENS","CHICKENS, YOUNG, SLAUGHTER, FI - SLAUGHTERED, MEASURED IN LB / HEAD, LIVE BASIS","TOTAL","NOT SPECIFIED","5.48",""
"SURVEY","2005","FEB","","NATIONAL","US TOTAL","","","","","","","","00000000","","CHICKENS","CHICKENS, YOUNG, SLAUGHTER, FI - SLAUGHTERED, MEASURED IN LB / HEAD, LIVE BASIS","TOTAL","NOT SPECIFIED","5.33",""
"SURVEY","2005","JAN","","NATIONAL","US TOTAL","","","","","","","","00000000","","CHICKENS","CHICKENS, YOUNG, SLAUGHTER, FI - SLAUGHTERED, MEASURED IN LB / HEAD, LIVE BASIS","TOTAL","NOT SPECIFIED","5.37",""
"SURVEY","2005","JUL","","NATIONAL","US TOTAL","","","","","","","","00000000","","CHICKENS","CHICKENS, YOUNG, SLAUGHTER, FI - SLAUGHTERED, MEASURED IN LB / HEAD, LIVE BASIS","TOTAL","NOT SPECIFIED","5.27",""
"SURVEY","2005","JUN","","NATIONAL","US TOTAL","","","","","","","","00000000","","CHICKENS","CHICKENS, YOUNG, SLAUGHTER, FI - SLAUGHTERED, MEASURED IN LB / HEAD, LIVE BASIS","TOTAL","NOT SPECIFIED","5.33",""
"SURVEY","2005","MAR","","NATIONAL","US TOTAL","","","","","","","","00000000","","CHICKENS","CHICKENS, YOUNG, SLAUGHTER, FI - SLAUGHTERED, MEASURED IN LB / HEAD, LIVE BASIS","TOTAL","NOT SPECIFIED","5.31",""
"SURVEY","2005","MAY","","NATIONAL","US TOTAL","","","","","","","","00000000","","CHICKENS","CHICKENS, YOUNG, SLAUGHTER, FI - SLAUGHTERED, MEASURED IN LB / HEAD, LIVE BASIS","TOTAL","NOT SPECIFIED","5.36",""
"SURVEY","2005","NOV","","NATIONAL","US TOTAL","","","","","","","","00000000","","CHICKENS","CHICKENS, YOUNG, SLAUGHTER, FI - SLAUGHTERED, MEASURED IN LB / HEAD, LIVE BASIS","TOTAL","NOT SPECIFIED","5.49",""
"SURVEY","2005","OCT","","NATIONAL","US TOTAL","","","","","","","","00000000","","CHICKENS","CHICKENS, YOUNG, SLAUGHTER, FI - SLAUGHTERED, MEASURED IN LB / HEAD, LIVE BASIS","TOTAL","NOT SPECIFIED","5.5",""
"SURVEY","2005","SEP","","NATIONAL","US TOTAL","","","","","","","","00000000","","CHICKENS","CHICKENS, YOUNG, SLAUGHTER, FI - SLAUGHTERED, MEASURED IN LB / HEAD, LIVE BASIS","TOTAL","NOT SPECIFIED","5.41",""
"SURVEY","2004","APR","","NATIONAL","US TOTAL","","","","","","","","00000000","","CHICKENS","CHICKENS, YOUNG, SLAUGHTER, FI - SLAUGHTERED, MEASURED IN LB / HEAD, LIVE BASIS","TOTAL","NOT SPECIFIED","5.23",""
"SURVEY","2004","AUG","","NATIONAL","US TOTAL","","","","","","","","00000000","","CHICKENS","CHICKENS, YOUNG, SLAUGHTER, FI - SLAUGHTERED, MEASURED IN LB / HEAD, LIVE BASIS","TOTAL","NOT SPECIFIED","5.26",""
"SURVEY","2004","DEC","","NATIONAL","US TOTAL","","","","","","","","00000000","","CHICKENS","CHICKENS, YOUNG, SLAUGHTER, FI - SLAUGHTERED, MEASURED IN LB / HEAD, LIVE BASIS","TOTAL","NOT SPECIFIED","5.3",""
"SURVEY","2004","FEB","","NATIONAL","US TOTAL","","","","","","","","00000000","","CHICKENS","CHICKENS, YOUNG, SLAUGHTER, FI - SLAUGHTERED, MEASURED IN LB / HEAD, LIVE BASIS","TOTAL","NOT SPECIFIED","5.18",""
"SURVEY","2004","JAN","","NATIONAL","US TOTAL","","","","","","","","00000000","","CHICKENS","CHICKENS, YOUNG, SLAUGHTER, FI - SLAUGHTERED, MEASURED IN LB / HEAD, LIVE BASIS","TOTAL","NOT SPECIFIED","5.3",""
"SURVEY","2004","JUL","","NATIONAL","US TOTAL","","","","","","","","00000000","","CHICKENS","CHICKENS, YOUNG, SLAUGHTER, FI - SLAUGHTERED, MEASURED IN LB / HEAD, LIVE BASIS","TOTAL","NOT SPECIFIED","5.23",""
"SURVEY","2004","JUN","","NATIONAL","US TOTAL","","","","","","","","00000000","","CHICKENS","CHICKENS, YOUNG, SLAUGHTER, FI - SLAUGHTERED, MEASURED IN LB / HEAD, LIVE BASIS","TOTAL","NOT SPECIFIED","5.26",""
"SURVEY","2004","MAR","","NATIONAL","US TOTAL","","","","","","","","00000000","","CHICKENS","CHICKENS, YOUNG, SLAUGHTER, FI - SLAUGHTERED, MEASURED IN LB / HEAD, LIVE BASIS","TOTAL","NOT SPECIFIED","5.17",""
"SURVEY","2004","MAY","","NATIONAL","US TOTAL","","","","","","","","00000000","","CHICKENS","CHICKENS, YOUNG, SLAUGHTER, FI - SLAUGHTERED, MEASURED IN LB / HEAD, LIVE BASIS","TOTAL","NOT SPECIFIED","5.24",""
"SURVEY","2004","NOV","","NATIONAL","US TOTAL","","","","","","","","00000000","","CHICKENS","CHICKENS, YOUNG, SLAUGHTER, FI - SLAUGHTERED, MEASURED IN LB / HEAD, LIVE BASIS","TOTAL","NOT SPECIFIED","5.37",""
"SURVEY","2004","OCT","","NATIONAL","US TOTAL","","","","","","","","00000000","","CHICKENS","CHICKENS, YOUNG, SLAUGHTER, FI - SLAUGHTERED, MEASURED IN LB / HEAD, LIVE BASIS","TOTAL","NOT SPECIFIED","5.39",""
"SURVEY","2004","SEP","","NATIONAL","US TOTAL","","","","","","","","00000000","","CHICKENS","CHICKENS, YOUNG, SLAUGHTER, FI - SLAUGHTERED, MEASURED IN LB / HEAD, LIVE BASIS","TOTAL","NOT SPECIFIED","5.34",""
"SURVEY","2003","APR","","NATIONAL","US TOTAL","","","","","","","","00000000","","CHICKENS","CHICKENS, YOUNG, SLAUGHTER, FI - SLAUGHTERED, MEASURED IN LB / HEAD, LIVE BASIS","TOTAL","NOT SPECIFIED","5.18",""
"SURVEY","2003","AUG","","NATIONAL","US TOTAL","","","","","","","","00000000","","CHICKENS","CHICKENS, YOUNG, SLAUGHTER, FI - SLAUGHTERED, MEASURED IN LB / HEAD, LIVE BASIS","TOTAL","NOT SPECIFIED","5.13",""
"SURVEY","2003","DEC","","NATIONAL","US TOTAL","","","","","","","","00000000","","CHICKENS","CHICKENS, YOUNG, SLAUGHTER, FI - SLAUGHTERED, MEASURED IN LB / HEAD, LIVE BASIS","TOTAL","NOT SPECIFIED","5.25",""
"SURVEY","2003","FEB","","NATIONAL","US TOTAL","","","","","","","","00000000","","CHICKENS","CHICKENS, YOUNG, SLAUGHTER, FI - SLAUGHTERED, MEASURED IN LB / HEAD, LIVE BASIS","TOTAL","NOT SPECIFIED","5.19",""
"SURVEY","2003","JAN","","NATIONAL","US TOTAL","","","","","","","","00000000","","CHICKENS","CHICKENS, YOUNG, SLAUGHTER, FI - SLAUGHTERED, MEASURED IN LB / HEAD, LIVE BASIS","TOTAL","NOT SPECIFIED","5.19",""
"SURVEY","2003","JUL","","NATIONAL","US TOTAL","","","","","","","","00000000","","CHICKENS","CHICKENS, YOUNG, SLAUGHTER, FI - SLAUGHTERED, MEASURED IN LB / HEAD, LIVE BASIS","TOTAL","NOT SPECIFIED","5.12",""
"SURVEY","2003","JUN","","NATIONAL","US TOTAL","","","","","","","","00000000","","CHICKENS","CHICKENS, YOUNG, SLAUGHTER, FI - SLAUGHTERED, MEASURED IN LB / HEAD, LIVE BASIS","TOTAL","NOT SPECIFIED","5.22",""
"SURVEY","2003","MAR","","NATIONAL","US TOTAL","","","","","","","","00000000","","CHICKENS","CHICKENS, YOUNG, SLAUGHTER, FI - SLAUGHTERED, MEASURED IN LB / HEAD, LIVE BASIS","TOTAL","NOT SPECIFIED","5.13",""
"SURVEY","2003","MAY","","NATIONAL","US TOTAL","","","","","","","","00000000","","CHICKENS","CHICKENS, YOUNG, SLAUGHTER, FI - SLAUGHTERED, MEASURED IN LB / HEAD, LIVE BASIS","TOTAL","NOT SPECIFIED","5.19",""
"SURVEY","2003","NOV","","NATIONAL","US TOTAL","","","","","","","","00000000","","CHICKENS","CHICKENS, YOUNG, SLAUGHTER, FI - SLAUGHTERED, MEASURED IN LB / HEAD, LIVE BASIS","TOTAL","NOT SPECIFIED","5.22",""
"SURVEY","2003","OCT","","NATIONAL","US TOTAL","","","","","","","","00000000","","CHICKENS","CHICKENS, YOUNG, SLAUGHTER, FI - SLAUGHTERED, MEASURED IN LB / HEAD, LIVE BASIS","TOTAL","NOT SPECIFIED","5.27",""
"SURVEY","2003","SEP","","NATIONAL","US TOTAL","","","","","","","","00000000","","CHICKENS","CHICKENS, YOUNG, SLAUGHTER, FI - SLAUGHTERED, MEASURED IN LB / HEAD, LIVE BASIS","TOTAL","NOT SPECIFIED","5.2",""
"SURVEY","2002","APR","","NATIONAL","US TOTAL","","","","","","","","00000000","","CHICKENS","CHICKENS, YOUNG, SLAUGHTER, FI - SLAUGHTERED, MEASURED IN LB / HEAD, LIVE BASIS","TOTAL","NOT SPECIFIED","5.08",""
"SURVEY","2002","AUG","","NATIONAL","US TOTAL","","","","","","","","00000000","","CHICKENS","CHICKENS, YOUNG, SLAUGHTER, FI - SLAUGHTERED, MEASURED IN LB / HEAD, LIVE BASIS","TOTAL","NOT SPECIFIED","5.05",""
"SURVEY","2002","DEC","","NATIONAL","US TOTAL","","","","","","","","00000000","","CHICKENS","CHICKENS, YOUNG, SLAUGHTER, FI - SLAUGHTERED, MEASURED IN LB / HEAD, LIVE BASIS","TOTAL","NOT SPECIFIED","5.2",""
"SURVEY","2002","FEB","","NATIONAL","US TOTAL","","","","","","","","00000000","","CHICKENS","CHICKENS, YOUNG, SLAUGHTER, FI - SLAUGHTERED, MEASURED IN LB / HEAD, LIVE BASIS","TOTAL","NOT SPECIFIED","5.09",""
"SURVEY","2002","JAN","","NATIONAL","US TOTAL","","","","","","","","00000000","","CHICKENS","CHICKENS, YOUNG, SLAUGHTER, FI - SLAUGHTERED, MEASURED IN LB / HEAD, LIVE BASIS","TOTAL","NOT SPECIFIED","5.12",""
"SURVEY","2002","JUL","","NATIONAL","US TOTAL","","","","","","","","00000000","","CHICKENS","CHICKENS, YOUNG, SLAUGHTER, FI - SLAUGHTERED, MEASURED IN LB / HEAD, LIVE BASIS","TOTAL","NOT SPECIFIED","5.06",""
"SURVEY","2002","JUN","","NATIONAL","US TOTAL","","","","","","","","00000000","","CHICKENS","CHICKENS, YOUNG, SLAUGHTER, FI - SLAUGHTERED, MEASURED IN LB / HEAD, LIVE BASIS","TOTAL","NOT SPECIFIED","5.1",""
"SURVEY","2002","MAR","","NATIONAL","US TOTAL","","","","","","","","00000000","","CHICKENS","CHICKENS, YOUNG, SLAUGHTER, FI - SLAUGHTERED, MEASURED IN LB / HEAD, LIVE BASIS","TOTAL","NOT SPECIFIED","5.1",""
"SURVEY","2002","MAY","","NATIONAL","US TOTAL","","","","","","","","00000000","","CHICKENS","CHICKENS, YOUNG, SLAUGHTER, FI - SLAUGHTERED, MEASURED IN LB / HEAD, LIVE BASIS","TOTAL","NOT SPECIFIED","5.13",""
"SURVEY","2002","NOV","","NATIONAL","US TOTAL","","","","","","","","00000000","","CHICKENS","CHICKENS, YOUNG, SLAUGHTER, FI - SLAUGHTERED, MEASURED IN LB / HEAD, LIVE BASIS","TOTAL","NOT SPECIFIED","5.16",""
"SURVEY","2002","OCT","","NATIONAL","US TOTAL","","","","","","","","00000000","","CHICKENS","CHICKENS, YOUNG, SLAUGHTER, FI - SLAUGHTERED, MEASURED IN LB / HEAD, LIVE BASIS","TOTAL","NOT SPECIFIED","5.17",""
"SURVEY","2002","SEP","","NATIONAL","US TOTAL","","","","","","","","00000000","","CHICKENS","CHICKENS, YOUNG, SLAUGHTER, FI - SLAUGHTERED, MEASURED IN LB / HEAD, LIVE BASIS","TOTAL","NOT SPECIFIED","5.12",""
"SURVEY","2001","APR","","NATIONAL","US TOTAL","","","","","","","","00000000","","CHICKENS","CHICKENS, YOUNG, SLAUGHTER, FI - SLAUGHTERED, MEASURED IN LB / HEAD, LIVE BASIS","TOTAL","NOT SPECIFIED","5.05",""
"SURVEY","2001","AUG","","NATIONAL","US TOTAL","","","","","","","","00000000","","CHICKENS","CHICKENS, YOUNG, SLAUGHTER, FI - SLAUGHTERED, MEASURED IN LB / HEAD, LIVE BASIS","TOTAL","NOT SPECIFIED","4.95",""
"SURVEY","2001","DEC","","NATIONAL","US TOTAL","","","","","","","","00000000","","CHICKENS","CHICKENS, YOUNG, SLAUGHTER, FI - SLAUGHTERED, MEASURED IN LB / HEAD, LIVE BASIS","TOTAL","NOT SPECIFIED","5.13",""
"SURVEY","2001","FEB","","NATIONAL","US TOTAL","","","","","","","","00000000","","CHICKENS","CHICKENS, YOUNG, SLAUGHTER, FI - SLAUGHTERED, MEASURED IN LB / HEAD, LIVE BASIS","TOTAL","NOT SPECIFIED","5.01",""
"SURVEY","2001","JAN","","NATIONAL","US TOTAL","","","","","","","","00000000","","CHICKENS","CHICKENS, YOUNG, SLAUGHTER, FI - SLAUGHTERED, MEASURED IN LB / HEAD, LIVE BASIS","TOTAL","NOT SPECIFIED","5.03",""
"SURVEY","2001","JUL","","NATIONAL","US TOTAL","","","","","","","","00000000","","CHICKENS","CHICKENS, YOUNG, SLAUGHTER, FI - SLAUGHTERED, MEASURED IN LB / HEAD, LIVE BASIS","TOTAL","NOT SPECIFIED","4.95",""
"SURVEY","2001","JUN","","NATIONAL","US TOTAL","","","","","","","","00000000","","CHICKENS","CHICKENS, YOUNG, SLAUGHTER, FI - SLAUGHTERED, MEASURED IN LB / HEAD, LIVE BASIS","TOTAL","NOT SPECIFIED","5.02",""
"SURVEY","2001","MAR","","NATIONAL","US TOTAL","","","","","","","","00000000","","CHICKENS","CHICKENS, YOUNG, SLAUGHTER, FI - SLAUGHTERED, MEASURED IN LB / HEAD, LIVE BASIS","TOTAL","NOT SPECIFIED","5.02",""
"SURVEY","2001","MAY","","NATIONAL","US TOTAL","","","","","","","","00000000","","CHICKENS","CHICKENS, YOUNG, SLAUGHTER, FI - SLAUGHTERED, MEASURED IN LB / HEAD, LIVE BASIS","TOTAL","NOT SPECIFIED","5.07",""
"SURVEY","2001","NOV","","NATIONAL","US TOTAL","","","","","","","","00000000","","CHICKENS","CHICKENS, YOUNG, SLAUGHTER, FI - SLAUGHTERED, MEASURED IN LB / HEAD, LIVE BASIS","TOTAL","NOT SPECIFIED","5.09",""
"SURVEY","2001","OCT","","NATIONAL","US TOTAL","","","","","","","","00000000","","CHICKENS","CHICKENS, YOUNG, SLAUGHTER, FI - SLAUGHTERED, MEASURED IN LB / HEAD, LIVE BASIS","TOTAL","NOT SPECIFIED","5.08",""
"SURVEY","2001","SEP","","NATIONAL","US TOTAL","","","","","","","","00000000","","CHICKENS","CHICKENS, YOUNG, SLAUGHTER, FI - SLAUGHTERED, MEASURED IN LB / HEAD, LIVE BASIS","TOTAL","NOT SPECIFIED","5.05",""
"SURVEY","2000","APR","","NATIONAL","US TOTAL","","","","","","","","00000000","","CHICKENS","CHICKENS, YOUNG, SLAUGHTER, FI - SLAUGHTERED, MEASURED IN LB / HEAD, LIVE BASIS","TOTAL","NOT SPECIFIED","5",""
"SURVEY","2000","AUG","","NATIONAL","US TOTAL","","","","","","","","00000000","","CHICKENS","CHICKENS, YOUNG, SLAUGHTER, FI - SLAUGHTERED, MEASURED IN LB / HEAD, LIVE BASIS","TOTAL","NOT SPECIFIED","4.92",""
"SURVEY","2000","DEC","","NATIONAL","US TOTAL","","","","","","","","00000000","","CHICKENS","CHICKENS, YOUNG, SLAUGHTER, FI - SLAUGHTERED, MEASURED IN LB / HEAD, LIVE BASIS","TOTAL","NOT SPECIFIED","5.06",""
"SURVEY","2000","FEB","","NATIONAL","US TOTAL","","","","","","","","00000000","","CHICKENS","CHICKENS, YOUNG, SLAUGHTER, FI - SLAUGHTERED, MEASURED IN LB / HEAD, LIVE BASIS","TOTAL","NOT SPECIFIED","5.03",""
"SURVEY","2000","JAN","","NATIONAL","US TOTAL","","","","","","","","00000000","","CHICKENS","CHICKENS, YOUNG, SLAUGHTER, FI - SLAUGHTERED, MEASURED IN LB / HEAD, LIVE BASIS","TOTAL","NOT SPECIFIED","5.04",""
"SURVEY","2000","JUL","","NATIONAL","US TOTAL","","","","","","","","00000000","","CHICKENS","CHICKENS, YOUNG, SLAUGHTER, FI - SLAUGHTERED, MEASURED IN LB / HEAD, LIVE BASIS","TOTAL","NOT SPECIFIED","4.95",""
"SURVEY","2000","JUN","","NATIONAL","US TOTAL","","","","","","","","00000000","","CHICKENS","CHICKENS, YOUNG, SLAUGHTER, FI - SLAUGHTERED, MEASURED IN LB / HEAD, LIVE BASIS","TOTAL","NOT SPECIFIED","4.96",""
"SURVEY","2000","MAR","","NATIONAL","US TOTAL","","","","","","","","00000000","","CHICKENS","CHICKENS, YOUNG, SLAUGHTER, FI - SLAUGHTERED, MEASURED IN LB / HEAD, LIVE BASIS","TOTAL","NOT SPECIFIED","4.99",""
"SURVEY","2000","MAY","","NATIONAL","US TOTAL","","","","","","","","00000000","","CHICKENS","CHICKENS, YOUNG, SLAUGHTER, FI - SLAUGHTERED, MEASURED IN LB / HEAD, LIVE BASIS","TOTAL","NOT SPECIFIED","4.97",""
"SURVEY","2000","NOV","","NATIONAL","US TOTAL","","","","","","","","00000000","","CHICKENS","CHICKENS, YOUNG, SLAUGHTER, FI - SLAUGHTERED, MEASURED IN LB / HEAD, LIVE BASIS","TOTAL","NOT SPECIFIED","5.07",""
"SURVEY","2000","OCT","","NATIONAL","US TOTAL","","","","","","","","00000000","","CHICKENS","CHICKENS, YOUNG, SLAUGHTER, FI - SLAUGHTERED, MEASURED IN LB / HEAD, LIVE BASIS","TOTAL","NOT SPECIFIED","5.03",""
"SURVEY","2000","SEP","","NATIONAL","US TOTAL","","","","","","","","00000000","","CHICKENS","CHICKENS, YOUNG, SLAUGHTER, FI - SLAUGHTERED, MEASURED IN LB / HEAD, LIVE BASIS","TOTAL","NOT SPECIFIED","4.97",""
